Selection,StructureID,AssignedStructure,ComponentIndex,PolygonIndex,VertexCount
S1 Structure 1 #1.1,1,Structure 1,1,1,5
S1 Structure 1 #2.1,1,Structure 1,2,1,5
S1 Structure 1 #3.1,1,Structure 1,3,1,5
S1 Structure 1 #4.1,1,Structure 1,4,1,5
S1 Structure 1 #5.1,1,Structure 1,5,1,3393
S1 Structure 1 #6.1,1,Structure 1,6,1,5
S1 Structure 1 #7.1,1,Structure 1,7,1,5
S1 Structure 1 #8.1,1,Structure 1,8,1,7
S1 Structure 1 #9.1,1,Structure 1,9,1,5
S1 Structure 1 #10.1,1,Structure 1,10,1,5
S1 Structure 1 #11.1,1,Structure 1,11,1,7
S1 Structure 1 #12.1,1,Structure 1,12,1,5
S1 Structure 1 #13.1,1,Structure 1,13,1,5
S1 Structure 1 #14.1,1,Structure 1,14,1,5
S1 Structure 1 #15.1,1,Structure 1,15,1,5
S1 Structure 1 #16.1,1,Structure 1,16,1,5
S1 Structure 1 #17.1,1,Structure 1,17,1,9
S1 Structure 1 #18.1,1,Structure 1,18,1,9
S1 Structure 1 #19.1,1,Structure 1,19,1,5
S1 Structure 1 #20.1,1,Structure 1,20,1,7
S1 Structure 1 #21.1,1,Structure 1,21,1,5
S1 Structure 1 #22.1,1,Structure 1,22,1,5
S1 Structure 1 #23.1,1,Structure 1,23,1,5
S1 Structure 1 #24.1,1,Structure 1,24,1,5
S1 Structure 1 #25.1,1,Structure 1,25,1,5
S1 Structure 1 #26.1,1,Structure 1,26,1,5
S1 Structure 1 #27.1,1,Structure 1,27,1,7
S1 Structure 1 #28.1,1,Structure 1,28,1,5
S1 Structure 1 #29.1,1,Structure 1,29,1,5
S1 Structure 1 #30.1,1,Structure 1,30,1,5
S1 Structure 1 #31.1,1,Structure 1,31,1,5
S1 Structure 1 #32.1,1,Structure 1,32,1,7
S1 Structure 1 #33.1,1,Structure 1,33,1,5
S1 Structure 1 #34.1,1,Structure 1,34,1,5
S1 Structure 1 #35.1,1,Structure 1,35,1,5
S1 Structure 1 #36.1,1,Structure 1,36,1,5
S1 Structure 1 #37.1,1,Structure 1,37,1,7
S1 Structure 1 #38.1,1,Structure 1,38,1,5
S1 Structure 1 #39.1,1,Structure 1,39,1,5
S1 Structure 1 #40.1,1,Structure 1,40,1,5
S1 Structure 1 #41.1,1,Structure 1,41,1,5
S1 Structure 1 #42.1,1,Structure 1,42,1,331
S1 Structure 1 #43.1,1,Structure 1,43,1,9
S1 Structure 1 #44.1,1,Structure 1,44,1,5
S1 Structure 1 #45.1,1,Structure 1,45,1,5
S1 Structure 1 #46.1,1,Structure 1,46,1,5
S1 Structure 1 #47.1,1,Structure 1,47,1,5
S1 Structure 1 #48.1,1,Structure 1,48,1,5
S1 Structure 1 #49.1,1,Structure 1,49,1,5
S1 Structure 1 #50.1,1,Structure 1,50,1,7
S1 Structure 1 #51.1,1,Structure 1,51,1,5
S1 Structure 1 #52.1,1,Structure 1,52,1,5
S1 Structure 1 #53.1,1,Structure 1,53,1,5
S1 Structure 1 #54.1,1,Structure 1,54,1,5
S1 Structure 1 #55.1,1,Structure 1,55,1,7
S1 Structure 1 #56.1,1,Structure 1,56,1,7
S1 Structure 1 #57.1,1,Structure 1,57,1,5
S1 Structure 1 #58.1,1,Structure 1,58,1,5
S1 Structure 1 #59.1,1,Structure 1,59,1,5
S1 Structure 1 #60.1,1,Structure 1,60,1,5
S1 Structure 1 #61.1,1,Structure 1,61,1,25
S1 Structure 1 #62.1,1,Structure 1,62,1,5
S1 Structure 1 #63.1,1,Structure 1,63,1,33
S1 Structure 1 #64.1,1,Structure 1,64,1,5
S1 Structure 1 #65.1,1,Structure 1,65,1,9
S1 Structure 1 #66.1,1,Structure 1,66,1,45
S1 Structure 1 #67.1,1,Structure 1,67,1,5
S1 Structure 1 #68.1,1,Structure 1,68,1,5
S1 Structure 1 #69.1,1,Structure 1,69,1,13
S1 Structure 1 #70.1,1,Structure 1,70,1,19
S1 Structure 1 #71.1,1,Structure 1,71,1,25
S1 Structure 1 #72.1,1,Structure 1,72,1,73
S1 Structure 1 #73.1,1,Structure 1,73,1,93
S1 Structure 1 #74.1,1,Structure 1,74,1,5
S1 Structure 1 #75.1,1,Structure 1,75,1,5
S1 Structure 1 #76.1,1,Structure 1,76,1,109
S1 Structure 1 #77.1,1,Structure 1,77,1,5
S1 Structure 1 #78.1,1,Structure 1,78,1,5
S1 Structure 1 #79.1,1,Structure 1,79,1,5
S1 Structure 1 #80.1,1,Structure 1,80,1,5
S1 Structure 1 #81.1,1,Structure 1,81,1,27
S1 Structure 1 #82.1,1,Structure 1,82,1,5
S1 Structure 1 #83.1,1,Structure 1,83,1,97
S1 Structure 1 #84.1,1,Structure 1,84,1,47
S1 Structure 1 #85.1,1,Structure 1,85,1,27
S1 Structure 1 #86.1,1,Structure 1,86,1,53
S1 Structure 1 #87.1,1,Structure 1,87,1,19
S1 Structure 1 #88.1,1,Structure 1,88,1,5
S1 Structure 1 #89.1,1,Structure 1,89,1,5
S1 Structure 1 #90.1,1,Structure 1,90,1,51
S1 Structure 1 #91.1,1,Structure 1,91,1,13
S1 Structure 1 #92.1,1,Structure 1,92,1,5
S1 Structure 1 #93.1,1,Structure 1,93,1,9
S1 Structure 1 #94.1,1,Structure 1,94,1,19
S1 Structure 1 #95.1,1,Structure 1,95,1,65
S1 Structure 1 #96.1,1,Structure 1,96,1,65
S1 Structure 1 #97.1,1,Structure 1,97,1,7
S1 Structure 1 #98.1,1,Structure 1,98,1,47
S1 Structure 1 #99.1,1,Structure 1,99,1,111
S1 Structure 1 #100.1,1,Structure 1,100,1,19
S1 Structure 1 #101.1,1,Structure 1,101,1,21
S1 Structure 1 #102.1,1,Structure 1,102,1,5
S1 Structure 1 #103.1,1,Structure 1,103,1,25
S1 Structure 1 #104.1,1,Structure 1,104,1,9
S1 Structure 1 #105.1,1,Structure 1,105,1,29
S1 Structure 1 #106.1,1,Structure 1,106,1,29
S1 Structure 1 #107.1,1,Structure 1,107,1,91
S1 Structure 1 #108.1,1,Structure 1,108,1,393
S1 Structure 1 #109.1,1,Structure 1,109,1,21
S1 Structure 1 #110.1,1,Structure 1,110,1,5
S1 Structure 1 #111.1,1,Structure 1,111,1,33
S1 Structure 1 #112.1,1,Structure 1,112,1,615
S1 Structure 1 #113.1,1,Structure 1,113,1,165
S1 Structure 1 #114.1,1,Structure 1,114,1,5
S1 Structure 1 #115.1,1,Structure 1,115,1,5
S1 Structure 1 #116.1,1,Structure 1,116,1,57
S1 Structure 1 #117.1,1,Structure 1,117,1,11
S1 Structure 1 #118.1,1,Structure 1,118,1,51
S1 Structure 1 #119.1,1,Structure 1,119,1,129
S1 Structure 1 #120.1,1,Structure 1,120,1,21
S1 Structure 1 #121.1,1,Structure 1,121,1,29
S1 Structure 1 #122.1,1,Structure 1,122,1,55
S1 Structure 1 #123.1,1,Structure 1,123,1,25
S1 Structure 1 #124.1,1,Structure 1,124,1,23
S1 Structure 1 #125.1,1,Structure 1,125,1,25
S1 Structure 1 #126.1,1,Structure 1,126,1,7
S1 Structure 1 #127.1,1,Structure 1,127,1,25
S1 Structure 1 #128.1,1,Structure 1,128,1,5
S1 Structure 1 #129.1,1,Structure 1,129,1,39
S1 Structure 1 #130.1,1,Structure 1,130,1,193
S1 Structure 1 #131.1,1,Structure 1,131,1,127
S1 Structure 1 #132.1,1,Structure 1,132,1,43
S1 Structure 1 #133.1,1,Structure 1,133,1,41
S1 Structure 1 #134.1,1,Structure 1,134,1,123
S1 Structure 1 #135.1,1,Structure 1,135,1,85
S1 Structure 1 #136.1,1,Structure 1,136,1,53
S1 Structure 1 #137.1,1,Structure 1,137,1,203
S1 Structure 1 #138.1,1,Structure 1,138,1,15
S1 Structure 1 #139.1,1,Structure 1,139,1,37
S1 Structure 1 #140.1,1,Structure 1,140,1,65
S1 Structure 1 #141.1,1,Structure 1,141,1,49
S1 Structure 1 #142.1,1,Structure 1,142,1,5
S1 Structure 1 #143.1,1,Structure 1,143,1,53
S1 Structure 1 #144.1,1,Structure 1,144,1,31
S1 Structure 1 #145.1,1,Structure 1,145,1,61
S1 Structure 1 #146.1,1,Structure 1,146,1,37
S1 Structure 1 #147.1,1,Structure 1,147,1,37
S1 Structure 1 #148.1,1,Structure 1,148,1,13
S1 Structure 1 #149.1,1,Structure 1,149,1,33
S1 Structure 1 #150.1,1,Structure 1,150,1,61
S1 Structure 1 #151.1,1,Structure 1,151,1,49
S1 Structure 1 #152.1,1,Structure 1,152,1,27
S1 Structure 1 #153.1,1,Structure 1,153,1,7
S1 Structure 1 #154.1,1,Structure 1,154,1,5
S1 Structure 1 #155.1,1,Structure 1,155,1,5
S1 Structure 1 #156.1,1,Structure 1,156,1,5
S2 Structure 2 #1.1,2,Structure 2,1,1,5
S2 Structure 2 #2.1,2,Structure 2,2,1,5
S2 Structure 2 #3.1,2,Structure 2,3,1,5
S2 Structure 2 #4.1,2,Structure 2,4,1,49
S2 Structure 2 #5.1,2,Structure 2,5,1,9
S2 Structure 2 #6.1,2,Structure 2,6,1,11525
S2 Structure 2 #7.1,2,Structure 2,7,1,5
S2 Structure 2 #8.1,2,Structure 2,8,1,5
S2 Structure 2 #9.1,2,Structure 2,9,1,7
S2 Structure 2 #10.1,2,Structure 2,10,1,5
S2 Structure 2 #11.1,2,Structure 2,11,1,5
S2 Structure 2 #12.1,2,Structure 2,12,1,5
S2 Structure 2 #13.1,2,Structure 2,13,1,5
S2 Structure 2 #14.1,2,Structure 2,14,1,5
S2 Structure 2 #15.1,2,Structure 2,15,1,5
S2 Structure 2 #16.1,2,Structure 2,16,1,5
S2 Structure 2 #17.1,2,Structure 2,17,1,7
S2 Structure 2 #18.1,2,Structure 2,18,1,5
S2 Structure 2 #19.1,2,Structure 2,19,1,5
S2 Structure 2 #20.1,2,Structure 2,20,1,5
S2 Structure 2 #21.1,2,Structure 2,21,1,5
S2 Structure 2 #22.1,2,Structure 2,22,1,7
S2 Structure 2 #23.1,2,Structure 2,23,1,5
S2 Structure 2 #24.1,2,Structure 2,24,1,5
S2 Structure 2 #25.1,2,Structure 2,25,1,5
S2 Structure 2 #26.1,2,Structure 2,26,1,5
S2 Structure 2 #27.1,2,Structure 2,27,1,5
S2 Structure 2 #28.1,2,Structure 2,28,1,5
S2 Structure 2 #29.1,2,Structure 2,29,1,5
S2 Structure 2 #30.1,2,Structure 2,30,1,5
S2 Structure 2 #31.1,2,Structure 2,31,1,5
S2 Structure 2 #32.1,2,Structure 2,32,1,5
S2 Structure 2 #33.1,2,Structure 2,33,1,5
S2 Structure 2 #34.1,2,Structure 2,34,1,5
S2 Structure 2 #35.1,2,Structure 2,35,1,11
S2 Structure 2 #36.1,2,Structure 2,36,1,5
S2 Structure 2 #37.1,2,Structure 2,37,1,5
S2 Structure 2 #38.1,2,Structure 2,38,1,5
S2 Structure 2 #39.1,2,Structure 2,39,1,5
S2 Structure 2 #40.1,2,Structure 2,40,1,5
S2 Structure 2 #41.1,2,Structure 2,41,1,5
S2 Structure 2 #42.1,2,Structure 2,42,1,5
S2 Structure 2 #43.1,2,Structure 2,43,1,5
S2 Structure 2 #44.1,2,Structure 2,44,1,5
S2 Structure 2 #45.1,2,Structure 2,45,1,5
S2 Structure 2 #46.1,2,Structure 2,46,1,5
S2 Structure 2 #47.1,2,Structure 2,47,1,5
S2 Structure 2 #48.1,2,Structure 2,48,1,5
S2 Structure 2 #49.1,2,Structure 2,49,1,5
S2 Structure 2 #50.1,2,Structure 2,50,1,5
S2 Structure 2 #51.1,2,Structure 2,51,1,5
S2 Structure 2 #52.1,2,Structure 2,52,1,5
S2 Structure 2 #53.1,2,Structure 2,53,1,5
S2 Structure 2 #54.1,2,Structure 2,54,1,5
S2 Structure 2 #55.1,2,Structure 2,55,1,5
S2 Structure 2 #56.1,2,Structure 2,56,1,5
S2 Structure 2 #57.1,2,Structure 2,57,1,5
S2 Structure 2 #58.1,2,Structure 2,58,1,5
S2 Structure 2 #59.1,2,Structure 2,59,1,83
S2 Structure 2 #60.1,2,Structure 2,60,1,5
S2 Structure 2 #61.1,2,Structure 2,61,1,5
S2 Structure 2 #62.1,2,Structure 2,62,1,5
S2 Structure 2 #63.1,2,Structure 2,63,1,95
S2 Structure 2 #64.1,2,Structure 2,64,1,5
S2 Structure 2 #65.1,2,Structure 2,65,1,5
S2 Structure 2 #66.1,2,Structure 2,66,1,9
S2 Structure 2 #67.1,2,Structure 2,67,1,91
S2 Structure 2 #68.1,2,Structure 2,68,1,131
S2 Structure 2 #69.1,2,Structure 2,69,1,5
S2 Structure 2 #70.1,2,Structure 2,70,1,5
S2 Structure 2 #71.1,2,Structure 2,71,1,5
S2 Structure 2 #72.1,2,Structure 2,72,1,33
S2 Structure 2 #73.1,2,Structure 2,73,1,11
S2 Structure 2 #74.1,2,Structure 2,74,1,113
S2 Structure 2 #75.1,2,Structure 2,75,1,37
S2 Structure 2 #76.1,2,Structure 2,76,1,5
S2 Structure 2 #77.1,2,Structure 2,77,1,5
S2 Structure 2 #78.1,2,Structure 2,78,1,13
S2 Structure 2 #79.1,2,Structure 2,79,1,5
S2 Structure 2 #80.1,2,Structure 2,80,1,5
S2 Structure 2 #81.1,2,Structure 2,81,1,327
S2 Structure 2 #82.1,2,Structure 2,82,1,5
S2 Structure 2 #83.1,2,Structure 2,83,1,5
S2 Structure 2 #84.1,2,Structure 2,84,1,5
S2 Structure 2 #85.1,2,Structure 2,85,1,203
S2 Structure 2 #86.1,2,Structure 2,86,1,5
S2 Structure 2 #87.1,2,Structure 2,87,1,5
S2 Structure 2 #88.1,2,Structure 2,88,1,5
S2 Structure 2 #89.1,2,Structure 2,89,1,49
S2 Structure 2 #90.1,2,Structure 2,90,1,5
S2 Structure 2 #91.1,2,Structure 2,91,1,5
S2 Structure 2 #92.1,2,Structure 2,92,1,7
S2 Structure 2 #93.1,2,Structure 2,93,1,77
S2 Structure 2 #94.1,2,Structure 2,94,1,5
S2 Structure 2 #95.1,2,Structure 2,95,1,5
S2 Structure 2 #96.1,2,Structure 2,96,1,15
S2 Structure 2 #97.1,2,Structure 2,97,1,127
S2 Structure 2 #98.1,2,Structure 2,98,1,67
S2 Structure 2 #99.1,2,Structure 2,99,1,7
S2 Structure 2 #100.1,2,Structure 2,100,1,5
S2 Structure 2 #101.1,2,Structure 2,101,1,5
S2 Structure 2 #102.1,2,Structure 2,102,1,7
S2 Structure 2 #103.1,2,Structure 2,103,1,5
S2 Structure 2 #104.1,2,Structure 2,104,1,5
S2 Structure 2 #105.1,2,Structure 2,105,1,257
S2 Structure 2 #106.1,2,Structure 2,106,1,5
S2 Structure 2 #107.1,2,Structure 2,107,1,5
S2 Structure 2 #108.1,2,Structure 2,108,1,5
S2 Structure 2 #109.1,2,Structure 2,109,1,93
S2 Structure 2 #110.1,2,Structure 2,110,1,5
S2 Structure 2 #111.1,2,Structure 2,111,1,39
S2 Structure 2 #112.1,2,Structure 2,112,1,97
S2 Structure 2 #113.1,2,Structure 2,113,1,5
S2 Structure 2 #114.1,2,Structure 2,114,1,5
S2 Structure 2 #115.1,2,Structure 2,115,1,5
S2 Structure 2 #116.1,2,Structure 2,116,1,5
S2 Structure 2 #117.1,2,Structure 2,117,1,15
S2 Structure 2 #118.1,2,Structure 2,118,1,21
S2 Structure 2 #119.1,2,Structure 2,119,1,5
S2 Structure 2 #120.1,2,Structure 2,120,1,85
S2 Structure 2 #121.1,2,Structure 2,121,1,5
S2 Structure 2 #122.1,2,Structure 2,122,1,7
S2 Structure 2 #123.1,2,Structure 2,123,1,5
S2 Structure 2 #124.1,2,Structure 2,124,1,115
S2 Structure 2 #125.1,2,Structure 2,125,1,5
S2 Structure 2 #126.1,2,Structure 2,126,1,5
S2 Structure 2 #127.1,2,Structure 2,127,1,5
S2 Structure 2 #128.1,2,Structure 2,128,1,5
S2 Structure 2 #129.1,2,Structure 2,129,1,75
S2 Structure 2 #130.1,2,Structure 2,130,1,101
S2 Structure 2 #131.1,2,Structure 2,131,1,63
S2 Structure 2 #132.1,2,Structure 2,132,1,5
S2 Structure 2 #133.1,2,Structure 2,133,1,5
S2 Structure 2 #134.1,2,Structure 2,134,1,1409
S2 Structure 2 #135.1,2,Structure 2,135,1,19
S2 Structure 2 #136.1,2,Structure 2,136,1,5
S2 Structure 2 #137.1,2,Structure 2,137,1,5
S2 Structure 2 #138.1,2,Structure 2,138,1,5
S2 Structure 2 #139.1,2,Structure 2,139,1,145
S2 Structure 2 #140.1,2,Structure 2,140,1,5
S2 Structure 2 #141.1,2,Structure 2,141,1,5
S2 Structure 2 #142.1,2,Structure 2,142,1,5
S2 Structure 2 #143.1,2,Structure 2,143,1,87
S2 Structure 2 #144.1,2,Structure 2,144,1,259
S2 Structure 2 #145.1,2,Structure 2,145,1,133
S2 Structure 2 #146.1,2,Structure 2,146,1,5
S2 Structure 2 #147.1,2,Structure 2,147,1,111
S2 Structure 2 #148.1,2,Structure 2,148,1,241
S2 Structure 2 #149.1,2,Structure 2,149,1,5
S2 Structure 2 #150.1,2,Structure 2,150,1,11
S2 Structure 2 #151.1,2,Structure 2,151,1,5
S2 Structure 2 #152.1,2,Structure 2,152,1,5
S2 Structure 2 #153.1,2,Structure 2,153,1,5
S2 Structure 2 #154.1,2,Structure 2,154,1,5
S2 Structure 2 #155.1,2,Structure 2,155,1,5
S2 Structure 2 #156.1,2,Structure 2,156,1,5
S2 Structure 2 #157.1,2,Structure 2,157,1,5
S2 Structure 2 #158.1,2,Structure 2,158,1,183
S2 Structure 2 #159.1,2,Structure 2,159,1,131
S2 Structure 2 #160.1,2,Structure 2,160,1,91
S2 Structure 2 #161.1,2,Structure 2,161,1,127
S2 Structure 2 #162.1,2,Structure 2,162,1,237
S2 Structure 2 #163.1,2,Structure 2,163,1,255
S2 Structure 2 #164.1,2,Structure 2,164,1,127
S2 Structure 2 #165.1,2,Structure 2,165,1,5
S2 Structure 2 #166.1,2,Structure 2,166,1,5
S2 Structure 2 #167.1,2,Structure 2,167,1,17
S2 Structure 2 #168.1,2,Structure 2,168,1,19
S2 Structure 2 #169.1,2,Structure 2,169,1,15
S2 Structure 2 #170.1,2,Structure 2,170,1,29
S2 Structure 2 #171.1,2,Structure 2,171,1,5
S2 Structure 2 #172.1,2,Structure 2,172,1,45
S2 Structure 2 #173.1,2,Structure 2,173,1,61
S2 Structure 2 #174.1,2,Structure 2,174,1,5
S2 Structure 2 #175.1,2,Structure 2,175,1,5
S2 Structure 2 #176.1,2,Structure 2,176,1,37
S2 Structure 2 #177.1,2,Structure 2,177,1,5
S2 Structure 2 #178.1,2,Structure 2,178,1,31
S2 Structure 2 #179.1,2,Structure 2,179,1,5
S2 Structure 2 #180.1,2,Structure 2,180,1,311
S2 Structure 2 #181.1,2,Structure 2,181,1,29
S2 Structure 2 #182.1,2,Structure 2,182,1,47
S2 Structure 2 #183.1,2,Structure 2,183,1,37
S2 Structure 2 #184.1,2,Structure 2,184,1,5
S2 Structure 2 #185.1,2,Structure 2,185,1,27
S2 Structure 2 #186.1,2,Structure 2,186,1,85
S2 Structure 2 #187.1,2,Structure 2,187,1,29
S2 Structure 2 #188.1,2,Structure 2,188,1,17
S2 Structure 2 #189.1,2,Structure 2,189,1,5
S2 Structure 2 #190.1,2,Structure 2,190,1,5
S2 Structure 2 #191.1,2,Structure 2,191,1,5
S2 Structure 2 #192.1,2,Structure 2,192,1,5
S2 Structure 2 #193.1,2,Structure 2,193,1,5
S2 Structure 2 #194.1,2,Structure 2,194,1,5
S2 Structure 2 #195.1,2,Structure 2,195,1,5
S2 Structure 2 #196.1,2,Structure 2,196,1,5
S2 Structure 2 #197.1,2,Structure 2,197,1,7
S2 Structure 2 #198.1,2,Structure 2,198,1,5
S2 Structure 2 #199.1,2,Structure 2,199,1,5
S2 Structure 2 #200.1,2,Structure 2,200,1,5
S2 Structure 2 #201.1,2,Structure 2,201,1,5
S2 Structure 2 #202.1,2,Structure 2,202,1,5
S3 Structure 3 #1.1,3,Structure 3,1,1,875
S3 Structure 3 #2.1,3,Structure 3,2,1,7
S3 Structure 3 #3.1,3,Structure 3,3,1,5
S3 Structure 3 #4.1,3,Structure 3,4,1,5
S3 Structure 3 #5.1,3,Structure 3,5,1,7
S3 Structure 3 #6.1,3,Structure 3,6,1,5
S3 Structure 3 #7.1,3,Structure 3,7,1,9
S3 Structure 3 #8.1,3,Structure 3,8,1,5
S3 Structure 3 #9.1,3,Structure 3,9,1,5
S3 Structure 3 #10.1,3,Structure 3,10,1,5
S3 Structure 3 #11.1,3,Structure 3,11,1,211
S3 Structure 3 #12.1,3,Structure 3,12,1,5
S3 Structure 3 #13.1,3,Structure 3,13,1,5
S3 Structure 3 #14.1,3,Structure 3,14,1,7
S3 Structure 3 #15.1,3,Structure 3,15,1,5
S3 Structure 3 #16.1,3,Structure 3,16,1,5
S3 Structure 3 #17.1,3,Structure 3,17,1,5
S3 Structure 3 #18.1,3,Structure 3,18,1,5
S3 Structure 3 #19.1,3,Structure 3,19,1,5
S3 Structure 3 #20.1,3,Structure 3,20,1,7
S3 Structure 3 #21.1,3,Structure 3,21,1,5
S3 Structure 3 #22.1,3,Structure 3,22,1,5
S3 Structure 3 #23.1,3,Structure 3,23,1,5
S3 Structure 3 #24.1,3,Structure 3,24,1,5
S3 Structure 3 #25.1,3,Structure 3,25,1,5
S3 Structure 3 #26.1,3,Structure 3,26,1,5
S3 Structure 3 #27.1,3,Structure 3,27,1,5
S3 Structure 3 #28.1,3,Structure 3,28,1,317
S3 Structure 3 #29.1,3,Structure 3,29,1,5
S3 Structure 3 #30.1,3,Structure 3,30,1,7
S3 Structure 3 #31.1,3,Structure 3,31,1,5
S3 Structure 3 #32.1,3,Structure 3,32,1,223
S3 Structure 3 #33.1,3,Structure 3,33,1,129
S3 Structure 3 #34.1,3,Structure 3,34,1,109
S3 Structure 3 #35.1,3,Structure 3,35,1,1169
S3 Structure 3 #36.1,3,Structure 3,36,1,5
S3 Structure 3 #37.1,3,Structure 3,37,1,447
S3 Structure 3 #38.1,3,Structure 3,38,1,5
S3 Structure 3 #39.1,3,Structure 3,39,1,9
S3 Structure 3 #40.1,3,Structure 3,40,1,217
S3 Structure 3 #41.1,3,Structure 3,41,1,5
S3 Structure 3 #42.1,3,Structure 3,42,1,51
S3 Structure 3 #43.1,3,Structure 3,43,1,7
S3 Structure 3 #44.1,3,Structure 3,44,1,63
S3 Structure 3 #45.1,3,Structure 3,45,1,5
S3 Structure 3 #46.1,3,Structure 3,46,1,189
S3 Structure 3 #47.1,3,Structure 3,47,1,5
S3 Structure 3 #48.1,3,Structure 3,48,1,203
S3 Structure 3 #49.1,3,Structure 3,49,1,91
S3 Structure 3 #50.1,3,Structure 3,50,1,5
S3 Structure 3 #51.1,3,Structure 3,51,1,5
S3 Structure 3 #52.1,3,Structure 3,52,1,5
S3 Structure 3 #53.1,3,Structure 3,53,1,5
S3 Structure 3 #54.1,3,Structure 3,54,1,5
S3 Structure 3 #55.1,3,Structure 3,55,1,9
S3 Structure 3 #56.1,3,Structure 3,56,1,5
S3 Structure 3 #57.1,3,Structure 3,57,1,7
S3 Structure 3 #58.1,3,Structure 3,58,1,5
S3 Structure 3 #59.1,3,Structure 3,59,1,5
S3 Structure 3 #60.1,3,Structure 3,60,1,7
S3 Structure 3 #61.1,3,Structure 3,61,1,93
S3 Structure 3 #62.1,3,Structure 3,62,1,7
S3 Structure 3 #63.1,3,Structure 3,63,1,5
S3 Structure 3 #64.1,3,Structure 3,64,1,87
S3 Structure 3 #65.1,3,Structure 3,65,1,159
S3 Structure 3 #66.1,3,Structure 3,66,1,5
S3 Structure 3 #67.1,3,Structure 3,67,1,5
S3 Structure 3 #68.1,3,Structure 3,68,1,7
S3 Structure 3 #69.1,3,Structure 3,69,1,93
S3 Structure 3 #70.1,3,Structure 3,70,1,5
S3 Structure 3 #71.1,3,Structure 3,71,1,5
S3 Structure 3 #72.1,3,Structure 3,72,1,201
S3 Structure 3 #73.1,3,Structure 3,73,1,131
S3 Structure 3 #74.1,3,Structure 3,74,1,119
S3 Structure 3 #75.1,3,Structure 3,75,1,5
S3 Structure 3 #76.1,3,Structure 3,76,1,5
S3 Structure 3 #77.1,3,Structure 3,77,1,9
S3 Structure 3 #78.1,3,Structure 3,78,1,5
S3 Structure 3 #79.1,3,Structure 3,79,1,5
S3 Structure 3 #80.1,3,Structure 3,80,1,5
S3 Structure 3 #81.1,3,Structure 3,81,1,5
S3 Structure 3 #82.1,3,Structure 3,82,1,261
S3 Structure 3 #83.1,3,Structure 3,83,1,111
S3 Structure 3 #84.1,3,Structure 3,84,1,7
S3 Structure 3 #85.1,3,Structure 3,85,1,11
S3 Structure 3 #86.1,3,Structure 3,86,1,785
S3 Structure 3 #87.1,3,Structure 3,87,1,5
S3 Structure 3 #88.1,3,Structure 3,88,1,5
S3 Structure 3 #89.1,3,Structure 3,89,1,5
S3 Structure 3 #90.1,3,Structure 3,90,1,291
S3 Structure 3 #91.1,3,Structure 3,91,1,21
S3 Structure 3 #92.1,3,Structure 3,92,1,105
S3 Structure 3 #93.1,3,Structure 3,93,1,449
S3 Structure 3 #94.1,3,Structure 3,94,1,5
S3 Structure 3 #95.1,3,Structure 3,95,1,5
S3 Structure 3 #96.1,3,Structure 3,96,1,7
S3 Structure 3 #97.1,3,Structure 3,97,1,231
S3 Structure 3 #98.1,3,Structure 3,98,1,7
S3 Structure 3 #99.1,3,Structure 3,99,1,5
S3 Structure 3 #100.1,3,Structure 3,100,1,5
S3 Structure 3 #101.1,3,Structure 3,101,1,5
S3 Structure 3 #102.1,3,Structure 3,102,1,5
S3 Structure 3 #103.1,3,Structure 3,103,1,5
S3 Structure 3 #104.1,3,Structure 3,104,1,5
S3 Structure 3 #105.1,3,Structure 3,105,1,5
S3 Structure 3 #106.1,3,Structure 3,106,1,5
S3 Structure 3 #107.1,3,Structure 3,107,1,39
S3 Structure 3 #108.1,3,Structure 3,108,1,5
S3 Structure 3 #109.1,3,Structure 3,109,1,5
S3 Structure 3 #110.1,3,Structure 3,110,1,91
S3 Structure 3 #111.1,3,Structure 3,111,1,5
S3 Structure 3 #112.1,3,Structure 3,112,1,85
S3 Structure 3 #113.1,3,Structure 3,113,1,13
S3 Structure 3 #114.1,3,Structure 3,114,1,5
S3 Structure 3 #115.1,3,Structure 3,115,1,7
S3 Structure 3 #116.1,3,Structure 3,116,1,103
S3 Structure 3 #117.1,3,Structure 3,117,1,77
S3 Structure 3 #118.1,3,Structure 3,118,1,7
S3 Structure 3 #119.1,3,Structure 3,119,1,5
S3 Structure 3 #120.1,3,Structure 3,120,1,5
S3 Structure 3 #121.1,3,Structure 3,121,1,105
S3 Structure 3 #122.1,3,Structure 3,122,1,5
S3 Structure 3 #123.1,3,Structure 3,123,1,217
S3 Structure 3 #124.1,3,Structure 3,124,1,357
S3 Structure 3 #125.1,3,Structure 3,125,1,5
S3 Structure 3 #126.1,3,Structure 3,126,1,5
S3 Structure 3 #127.1,3,Structure 3,127,1,485
S3 Structure 3 #128.1,3,Structure 3,128,1,5
S3 Structure 3 #129.1,3,Structure 3,129,1,5
S3 Structure 3 #130.1,3,Structure 3,130,1,5
S3 Structure 3 #131.1,3,Structure 3,131,1,5
S3 Structure 3 #132.1,3,Structure 3,132,1,7
S3 Structure 3 #133.1,3,Structure 3,133,1,5
S3 Structure 3 #134.1,3,Structure 3,134,1,5
S3 Structure 3 #135.1,3,Structure 3,135,1,51
S3 Structure 3 #136.1,3,Structure 3,136,1,153
S3 Structure 3 #137.1,3,Structure 3,137,1,123
S3 Structure 3 #138.1,3,Structure 3,138,1,109
S3 Structure 3 #139.1,3,Structure 3,139,1,39
S3 Structure 3 #140.1,3,Structure 3,140,1,39
S4 Structure 4 #1.1,4,Structure 4,1,1,45
S4 Structure 4 #2.1,4,Structure 4,2,1,33
S4 Structure 4 #3.1,4,Structure 4,3,1,87
S4 Structure 4 #4.1,4,Structure 4,4,1,93
S4 Structure 4 #5.1,4,Structure 4,5,1,31
S4 Structure 4 #6.1,4,Structure 4,6,1,9
S4 Structure 4 #7.1,4,Structure 4,7,1,93
S4 Structure 4 #8.1,4,Structure 4,8,1,35
S4 Structure 4 #9.1,4,Structure 4,9,1,27
S4 Structure 4 #10.1,4,Structure 4,10,1,129
S4 Structure 4 #11.1,4,Structure 4,11,1,85
S4 Structure 4 #12.1,4,Structure 4,12,1,57
S4 Structure 4 #13.1,4,Structure 4,13,1,6813
S4 Structure 4 #14.1,4,Structure 4,14,1,87
S4 Structure 4 #15.1,4,Structure 4,15,1,77
S4 Structure 4 #16.1,4,Structure 4,16,1,57
S4 Structure 4 #17.1,4,Structure 4,17,1,5
S4 Structure 4 #18.1,4,Structure 4,18,1,25
S4 Structure 4 #19.1,4,Structure 4,19,1,9
S4 Structure 4 #20.1,4,Structure 4,20,1,23
S4 Structure 4 #21.1,4,Structure 4,21,1,73
S4 Structure 4 #22.1,4,Structure 4,22,1,237
S4 Structure 4 #23.1,4,Structure 4,23,1,53
S4 Structure 4 #24.1,4,Structure 4,24,1,115
S4 Structure 4 #25.1,4,Structure 4,25,1,333
S4 Structure 4 #26.1,4,Structure 4,26,1,145
S4 Structure 4 #27.1,4,Structure 4,27,1,37
S4 Structure 4 #28.1,4,Structure 4,28,1,93
S4 Structure 4 #29.1,4,Structure 4,29,1,231
S4 Structure 4 #30.1,4,Structure 4,30,1,47
S4 Structure 4 #31.1,4,Structure 4,31,1,63
S4 Structure 4 #32.1,4,Structure 4,32,1,43
S4 Structure 4 #33.1,4,Structure 4,33,1,27
S4 Structure 4 #34.1,4,Structure 4,34,1,5
