method,method_label,family,replicate,scenario,execution_status,seed,known_transform_error_um,union_iou,mean_per_structure_iou,centroid_drift_um,landmark_distance_um,topology_fold_failures,topology_compression_failures,expression_domain_consistency,runtime_s,peak_memory_mb,notes
naive_stack,Naive slice stack,internal_baseline,0,known_affine_plus_local_warp,synthetic_smoke,20260504,42.01254154118907,0.5821036642491887,0.522458919972642,38.010451284324226,44.01323829347735,4,2,0.6217623435715011,4.001393504576563,450.1254154118907,Null baseline for alignment and topology metrics.
histoseg_hard_only,HistoSeg hard contours,internal_ablation,0,known_affine_plus_local_warp,synthetic_smoke,20260504,19.06472008209721,0.7667800133198915,0.7183043563110205,16.88726673508101,21.12387119776928,1,1,0.7564386926422039,37.06472008209721,1126.0264908957097,Ablation isolates the topology-aware contour stack before soft alignment.
histoseg_full,HistoSeg full,proposed_method,0,known_affine_plus_local_warp,synthetic_smoke,20260504,5.447398368816042,0.8851474723719753,0.8537636801261251,5.206165307346701,6.361142722639156,0,0,0.8748061516942877,51.671097553224065,1303.4219510644812,Primary method.
paste,PASTE,published_external,0,known_affine_plus_local_warp,synthetic_proxy,20260504,15.614000540231745,0.784776815356045,0.7358003588562124,14.511667116859787,17.64811168135573,3,1,0.7944354946783574,96.62027920338933,1723.1955759643104,Full benchmark should use pairwise optimal-transport slice alignment.
paste2,PASTE2,published_external,0,known_affine_plus_local_warp,synthetic_proxy,20260504,12.041507870662883,0.7977879590468502,0.7470642884697187,11.701256558885737,13.988258307921933,1,1,0.8074466383691625,107.0712740492477,1859.5303323168773,Full benchmark should use partial/flexible stack alignment when available.
gpsa,GPSA,published_external,0,known_affine_plus_local_warp,synthetic_proxy,20260504,9.492484643312636,0.800903411369738,0.7484586038733285,8.910403869427196,11.353178234607782,2,0,0.8105620906920502,130.24855139066025,2077.410360339729,Full benchmark should include Gaussian-process spatial alignment.
staligner,STAligner,published_external,0,known_affine_plus_local_warp,synthetic_proxy,20260504,12.981475474292655,0.7541878150629825,0.7000641084898841,12.151229561910547,14.758224111753359,2,1,0.7838464943852949,159.90737737146327,2367.818582959131,Full benchmark should capture graph/deep-model stochasticity.
spacel_scube,SPACEL/Scube,published_external,0,known_affine_plus_local_warp,synthetic_proxy,20260504,13.60178298099849,0.7713891817594528,0.7190658168604721,13.001485817498741,15.468548702165073,2,1,0.7810478610817652,149.3412576933266,2272.0950923199193,Full benchmark should report the SPACEL Scube 3D-reconstruction module separately from clustering.
naive_stack,Naive slice stack,internal_baseline,1,known_affine_plus_local_warp,synthetic_smoke,20260504,39.51559010295571,0.5665567650104613,0.5033960740318181,35.929658419129765,41.3775673308977,3,3,0.6069570005479442,3.7239544558839683,425.1559010295572,Null baseline for alignment and topology metrics.
histoseg_hard_only,HistoSeg hard contours,internal_ablation,1,known_affine_plus_local_warp,synthetic_smoke,20260504,18.806968476428835,0.7611851133370086,0.7116815094400021,16.672473730357364,20.85180005845266,1,1,0.7515853488744915,36.806968476428835,1119.7258960904826,Ablation isolates the topology-aware contour stack before soft alignment.
histoseg_full,HistoSeg full,proposed_method,1,known_affine_plus_local_warp,synthetic_smoke,20260504,6.218015531487473,0.8841231002483803,0.8528539930792167,5.84834627623956,7.174571949903443,0,0,0.8745233357858632,52.82702329723121,1326.5404659446242,Primary method.
paste,PASTE,published_external,1,known_affine_plus_local_warp,synthetic_proxy,20260504,13.692911172769204,0.7717893030985213,0.719936746641893,12.910759310641003,15.620295126811937,2,1,0.7821895386360043,91.55073781702984,1650.6210887490588,Full benchmark should use pairwise optimal-transport slice alignment.
paste2,PASTE2,published_external,1,known_affine_plus_local_warp,synthetic_proxy,20260504,14.922752462757636,0.8061441532762477,0.757880309364051,14.102293718964695,17.029572044021947,1,1,0.8165443888137306,115.87507696953722,1981.182881760878,Full benchmark should use partial/flexible stack alignment when available.
gpsa,GPSA,published_external,1,known_affine_plus_local_warp,synthetic_proxy,20260504,14.165054508119805,0.8172210512556352,0.7692264318382853,12.804212090099838,16.28533531412646,1,0,0.827621286793118,148.4196564204659,2305.847109285857,Full benchmark should include Gaussian-process spatial alignment.
staligner,STAligner,published_external,1,known_affine_plus_local_warp,synthetic_proxy,20260504,16.082345584160034,0.7635201227047028,0.7121002711496198,14.735287986800028,18.031364783280036,2,0,0.7939203582421858,175.41172792080016,2546.979967084802,Full benchmark should capture graph/deep-model stochasticity.
spacel_scube,SPACEL/Scube,published_external,1,known_affine_plus_local_warp,synthetic_proxy,20260504,18.046095016874148,0.7866923424056544,0.7385655457758094,16.705079180728454,20.159766962256043,1,1,0.7970925779431374,169.09375563055175,2509.125067566621,Full benchmark should report the SPACEL Scube 3D-reconstruction module separately from clustering.
naive_stack,Naive slice stack,internal_baseline,2,known_affine_plus_local_warp,synthetic_smoke,20260504,44.131540085326805,0.5858415613809161,0.5276046142352641,39.776283404439006,46.24995897895607,3,2,0.6264468863991537,4.236837787258533,471.31540085326805,Null baseline for alignment and topology metrics.
histoseg_hard_only,HistoSeg hard contours,internal_ablation,2,known_affine_plus_local_warp,synthetic_smoke,20260504,19.765190555651774,0.7642133412490272,0.7155693390704027,17.47099212970981,21.863256697632426,2,2,0.7548186662672647,37.76519055565177,1143.1491024714878,Ablation isolates the topology-aware contour stack before soft alignment.
histoseg_full,HistoSeg full,proposed_method,2,known_affine_plus_local_warp,synthetic_smoke,20260504,4.842139045374738,0.876777556758907,0.8437746084577525,4.7017825378122815,5.722257881228891,0,0,0.8673828817771445,50.763208568062105,1285.2641713612422,Primary method.
paste,PASTE,published_external,2,known_affine_plus_local_warp,synthetic_proxy,20260504,14.717734673486868,0.7751135373282942,0.7241945841694866,13.764778894572391,16.70205326645836,3,1,0.7857188623465318,94.25513316614591,1689.336643220615,Full benchmark should use pairwise optimal-transport slice alignment.
paste2,PASTE2,published_external,2,known_affine_plus_local_warp,synthetic_proxy,20260504,10.656552240716572,0.7859527265159818,0.732743570654096,10.54712686726381,12.526360698534159,1,1,0.7965580515342193,102.8394651799673,1801.0544279413664,Full benchmark should use partial/flexible stack alignment when available.
gpsa,GPSA,published_external,2,known_affine_plus_local_warp,synthetic_proxy,20260504,16.20218926448386,0.8250444466216142,0.7791082207861365,14.501824387069881,18.43564422362185,1,0,0.8356497716398517,156.34184713965945,2405.440364041433,Full benchmark should include Gaussian-process spatial alignment.
staligner,STAligner,published_external,2,known_affine_plus_local_warp,synthetic_proxy,20260504,18.625214461515093,0.7735912252750864,0.7247916941029767,16.85434538459591,20.715504153821488,1,1,0.8041965502933239,188.12607230757547,2693.90127999865,Full benchmark should capture graph/deep-model stochasticity.
spacel_scube,SPACEL/Scube,published_external,2,known_affine_plus_local_warp,synthetic_proxy,20260504,15.926814236142878,0.7760427798289876,0.7253561372953533,14.939011863452398,17.92274836037304,2,1,0.7866481048472251,159.67472993841278,2396.0967592609536,Full benchmark should report the SPACEL Scube 3D-reconstruction module separately from clustering.
naive_stack,Naive slice stack,internal_baseline,3,known_affine_plus_local_warp,synthetic_smoke,20260504,41.912304620323866,0.5632317401510097,0.5004045504059277,37.926920516936555,43.907432654786305,3,2,0.6059614905853407,3.990256068924874,449.12304620323863,Null baseline for alignment and topology metrics.
histoseg_hard_only,HistoSeg hard contours,internal_ablation,3,known_affine_plus_local_warp,synthetic_smoke,20260504,20.361270461649397,0.7541160327791233,0.7040099161910695,17.96772538470783,22.492452153963253,2,1,0.7468457832134542,38.3612704616494,1157.7199446180964,Ablation isolates the topology-aware contour stack before soft alignment.
histoseg_full,HistoSeg full,proposed_method,3,known_affine_plus_local_warp,synthetic_smoke,20260504,6.949071517848439,0.8733951485844523,0.8406088109477308,6.457559598207032,7.946242157728907,0,0,0.8661248990187832,53.92360727677266,1348.4721455354531,Primary method.
paste,PASTE,published_external,3,known_affine_plus_local_warp,synthetic_proxy,20260504,15.464064867339747,0.7656840079155248,0.7134698851115714,14.386720722783123,17.489846248858623,2,1,0.7784137583498557,96.22461562214656,1717.531339432835,Full benchmark should use pairwise optimal-transport slice alignment.
paste2,PASTE2,published_external,3,known_affine_plus_local_warp,synthetic_proxy,20260504,12.533531634506794,0.7815483046584896,0.7283002560402773,12.111276362088995,14.507616725312728,1,1,0.7942780550928205,108.57467999432632,1880.304669012509,Full benchmark should use partial/flexible stack alignment when available.
gpsa,GPSA,published_external,3,known_affine_plus_local_warp,synthetic_proxy,20260504,10.386149682124712,0.7864488293145692,0.7319259118603768,9.655124735103927,12.29649133113164,0,0,0.7991785797488999,133.723915430485,2121.100651126097,Full benchmark should include Gaussian-process spatial alignment.
staligner,STAligner,published_external,3,known_affine_plus_local_warp,synthetic_proxy,20260504,14.416194222648102,0.7421379161613397,0.68653727041884,13.346828518873417,16.272649457239662,2,1,0.7748676665956706,167.0809711132405,2450.7134439752235,Full benchmark should capture graph/deep-model stochasticity.
spacel_scube,SPACEL/Scube,published_external,3,known_affine_plus_local_warp,synthetic_proxy,20260504,16.108950277167928,0.7641057208480946,0.7114970262772835,15.09079189763994,18.115003070343924,2,1,0.7768354712824255,160.48422345407968,2405.810681448956,Full benchmark should report the SPACEL Scube 3D-reconstruction module separately from clustering.
naive_stack,Naive slice stack,internal_baseline,4,known_affine_plus_local_warp,synthetic_smoke,20260504,38.453647707333445,0.5699053762122034,0.5069094751021387,35.04470642277787,40.25662813551863,3,2,0.6089608858859721,3.6059608563703827,414.5364770733344,Null baseline for alignment and topology metrics.
histoseg_hard_only,HistoSeg hard contours,internal_ablation,4,known_affine_plus_local_warp,synthetic_smoke,20260504,19.977371217029738,0.7744552584775203,0.7275968279337847,17.64780934752478,22.08722517353139,1,1,0.7635107681512889,37.97737121702974,1148.335740860727,Ablation isolates the topology-aware contour stack before soft alignment.
histoseg_full,HistoSeg full,proposed_method,4,known_affine_plus_local_warp,synthetic_smoke,20260504,8.6914549839683,0.9031845196639139,0.8760084044167767,7.909545819973584,9.785424705299873,0,0,0.8922400293376826,56.53718247595245,1400.743649519049,Primary method.
paste,PASTE,published_external,4,known_affine_plus_local_warp,synthetic_proxy,20260504,11.81595956405373,0.7715156511309603,0.7189223187505847,11.346632970044773,13.63906842872338,2,1,0.780571160804729,86.59767107180845,1579.714027975363,Full benchmark should use pairwise optimal-transport slice alignment.
paste2,PASTE2,published_external,4,known_affine_plus_local_warp,synthetic_proxy,20260504,14.069432636113458,0.8104199758956703,0.7625527247064721,13.391193863427882,16.128845560341983,1,1,0.8194754855694389,113.2677108325689,1945.1538224136793,Full benchmark should use partial/flexible stack alignment when available.
gpsa,GPSA,published_external,4,known_affine_plus_local_warp,synthetic_proxy,20260504,10.986805994946444,0.8111638574904835,0.7609825766999886,10.15567166245537,12.930517439110135,1,0,0.820219367164252,136.05980109145838,2150.4660708640486,Full benchmark should include Gaussian-process spatial alignment.
staligner,STAligner,published_external,4,known_affine_plus_local_warp,synthetic_proxy,20260504,17.22857719605959,0.7766828406065419,0.7278813055950616,15.690480996716326,19.241275929174012,2,1,0.8057383502803106,181.14288598029796,2613.2066824389985,Full benchmark should capture graph/deep-model stochasticity.
spacel_scube,SPACEL/Scube,published_external,4,known_affine_plus_local_warp,synthetic_proxy,20260504,17.287809654890424,0.7913905404235678,0.7437659303663441,16.073174712408687,19.35935463571767,2,1,0.8004460500973365,165.72359846617965,2468.683181594156,Full benchmark should report the SPACEL Scube 3D-reconstruction module separately from clustering.
naive_stack,Naive slice stack,internal_baseline,5,known_affine_plus_local_warp,synthetic_smoke,20260504,40.36662325743949,0.5604818554868557,0.49662387705223526,36.63885271453291,42.27588010507502,3,2,0.6025249708741868,3.8185136952710548,433.66623257439494,Null baseline for alignment and topology metrics.
histoseg_hard_only,HistoSeg hard contours,internal_ablation,5,known_affine_plus_local_warp,synthetic_smoke,20260504,19.984618272932444,0.756561833333491,0.7067238493605293,17.653848560777035,22.094874843650913,0,1,0.7486049487208221,37.984618272932444,1148.5128911161264,Ablation isolates the topology-aware contour stack before soft alignment.
histoseg_full,HistoSeg full,proposed_method,5,known_affine_plus_local_warp,synthetic_smoke,20260504,6.40645761529185,0.8751033415217551,0.8424007345958594,6.0053813460765415,7.373483038363619,0,0,0.8671464569090861,53.10968642293778,1332.1937284587555,Primary method.
paste,PASTE,published_external,5,known_affine_plus_local_warp,synthetic_proxy,20260504,12.12823975929786,0.7549779288284485,0.6997439687292262,11.60686646608155,13.968697523703298,3,1,0.7670210442157795,87.42174380925825,1591.511279795697,Full benchmark should use pairwise optimal-transport slice alignment.
paste2,PASTE2,published_external,5,known_affine_plus_local_warp,synthetic_proxy,20260504,12.764934300875343,0.7866965712354596,0.7343922717379899,12.304111917396119,14.751875095368417,1,1,0.7987396866227906,109.2817436971191,1890.0750038147366,Full benchmark should use partial/flexible stack alignment when available.
gpsa,GPSA,published_external,5,known_affine_plus_local_warp,synthetic_proxy,20260504,11.97625718077435,0.7976357840350107,0.745566287737429,10.980214317311958,13.974938135261814,1,0,0.8096788994223416,139.90766681412248,2198.839239948968,Full benchmark should include Gaussian-process spatial alignment.
staligner,STAligner,published_external,5,known_affine_plus_local_warp,synthetic_proxy,20260504,15.66201075942193,0.7517946888289999,0.6982649187299154,14.385008966184941,17.587678023834258,2,1,0.783837804216331,173.31005379710965,2522.6939549888225,Full benchmark should capture graph/deep-model stochasticity.
spacel_scube,SPACEL/Scube,published_external,5,known_affine_plus_local_warp,synthetic_proxy,20260504,16.511185937770428,0.7700132451772155,0.7185381141651849,15.425988281475357,18.539585156535452,2,1,0.7820563605645465,162.2719375012019,2427.2632500144227,Full benchmark should report the SPACEL Scube 3D-reconstruction module separately from clustering.
naive_stack,Naive slice stack,internal_baseline,6,known_affine_plus_local_warp,synthetic_smoke,20260504,40.436733751852664,0.575166015160934,0.513781363521776,36.69727812654389,42.34988562695559,3,2,0.6148137043021508,3.826303750205852,434.36733751852665,Null baseline for alignment and topology metrics.
histoseg_hard_only,HistoSeg hard contours,internal_ablation,6,known_affine_plus_local_warp,synthetic_smoke,20260504,15.710470548700858,0.7519381787024816,0.6997465679487103,14.092058790584048,17.583274468073128,1,1,0.7415858678436983,33.710470548700854,1044.0337245237988,Ablation isolates the topology-aware contour stack before soft alignment.
histoseg_full,HistoSeg full,proposed_method,6,known_affine_plus_local_warp,synthetic_smoke,20260504,2.0763762032370856,0.8702310927226425,0.8351127104739116,2.3969801693642383,2.8028415478613686,0,0,0.8598787818638592,46.61456430485563,1202.2912860971126,Primary method.
paste,PASTE,published_external,6,known_affine_plus_local_warp,synthetic_proxy,20260504,16.52435387372475,0.7888887712581433,0.7409348086432875,15.270294894770624,18.60904020004279,2,2,0.79853646039936,99.02260050010698,1757.5867018962683,Full benchmark should use pairwise optimal-transport slice alignment.
paste2,PASTE2,published_external,6,known_affine_plus_local_warp,synthetic_proxy,20260504,13.79397573474752,0.8056426461960223,0.7568771523156362,13.161646445622932,15.838085497789047,1,1,0.815290335337239,112.42603696728409,1933.5234199115619,Full benchmark should use partial/flexible stack alignment when available.
gpsa,GPSA,published_external,6,known_affine_plus_local_warp,synthetic_proxy,20260504,14.254736021383234,0.8221349141366255,0.7749924872413902,12.878946684486028,16.379999133682304,1,0,0.8317826032778421,148.7684178609348,2310.2315388231805,Full benchmark should include Gaussian-process spatial alignment.
staligner,STAligner,published_external,6,known_affine_plus_local_warp,synthetic_proxy,20260504,14.64849563700816,0.761662734650514,0.7094022628837509,13.540413030840135,16.517856505730837,2,1,0.7913104237917308,168.2424781850408,2464.1353034715826,Full benchmark should capture graph/deep-model stochasticity.
spacel_scube,SPACEL/Scube,published_external,6,known_affine_plus_local_warp,synthetic_proxy,20260504,15.030523460601012,0.7778050805331489,0.7270801952370445,14.192102883834178,16.976663652856622,2,1,0.7874527696743656,155.69121538044894,2348.294584565387,Full benchmark should report the SPACEL Scube 3D-reconstruction module separately from clustering.
naive_stack,Naive slice stack,internal_baseline,7,known_affine_plus_local_warp,synthetic_smoke,20260504,45.87853131431918,0.6195909329095939,0.5676259148072372,41.232109428599315,48.0940052762258,3,2,0.6558654302500833,4.4309479238132425,488.7853131431918,Null baseline for alignment and topology metrics.
histoseg_hard_only,HistoSeg hard contours,internal_ablation,7,known_affine_plus_local_warp,synthetic_smoke,20260504,19.186063362231554,0.7876244086780935,0.7426677595178615,16.988386135192965,21.25195577124442,1,0,0.7738989060185828,37.18606336223156,1128.9926599656603,Ablation isolates the topology-aware contour stack before soft alignment.
histoseg_full,HistoSeg full,proposed_method,7,known_affine_plus_local_warp,synthetic_smoke,20260504,5.048074290011141,0.9036777905793361,0.8752344868944147,4.873395241675951,5.939633972789538,0,0,0.8899522879198254,51.07211143501671,1291.4422287003342,Primary method.
paste,PASTE,published_external,7,known_affine_plus_local_warp,synthetic_proxy,20260504,15.765917782768277,0.80575709499159,0.7603336174097322,14.638264818973564,17.80846877069985,1,1,0.8120315923320793,97.02117192674962,1728.9346717934682,Full benchmark should use pairwise optimal-transport slice alignment.
paste2,PASTE2,published_external,7,known_affine_plus_local_warp,synthetic_proxy,20260504,12.044630812752391,0.8181069306804083,0.770770912020755,11.703859010626992,13.991554746794192,1,1,0.8243814280208976,107.08081637229897,1859.6621898717676,Full benchmark should use partial/flexible stack alignment when available.
gpsa,GPSA,published_external,7,known_affine_plus_local_warp,synthetic_proxy,20260504,9.59182136836156,0.821649999816449,0.7726997484408059,8.993184473634631,11.458033666603868,0,0,0.8279244971569383,130.63486087696162,2082.2668224532317,Full benchmark should include Gaussian-process spatial alignment.
staligner,STAligner,published_external,7,known_affine_plus_local_warp,synthetic_proxy,20260504,15.71760866578913,0.7866534989161271,0.7389541223154036,14.431340554824276,17.646364702777415,2,1,0.8129279962566165,173.58804332894564,2525.9062784678163,Full benchmark should capture graph/deep-model stochasticity.
spacel_scube,SPACEL/Scube,published_external,7,known_affine_plus_local_warp,synthetic_proxy,20260504,14.15267167130213,0.7941426678295183,0.7458155834571424,13.460559726085108,16.050042319707803,3,1,0.8004171651700076,151.7896518724539,2301.475822469447,Full benchmark should report the SPACEL Scube 3D-reconstruction module separately from clustering.
naive_stack,Naive slice stack,internal_baseline,8,known_affine_plus_local_warp,synthetic_smoke,20260504,39.59245480194932,0.571649491018114,0.5093660561144476,35.99371233495777,41.45870229094651,3,2,0.6112578757017242,3.7324949779943695,425.9245480194933,Null baseline for alignment and topology metrics.
histoseg_hard_only,HistoSeg hard contours,internal_ablation,8,known_affine_plus_local_warp,synthetic_smoke,20260504,14.27449373874221,0.7457918862927491,0.6920440502077413,12.89541144895184,16.067521168672332,1,1,0.7354002709763592,32.27449373874221,1008.932069169254,Ablation isolates the topology-aware contour stack before soft alignment.
histoseg_full,HistoSeg full,proposed_method,8,known_affine_plus_local_warp,synthetic_smoke,20260504,7.091007024200371,0.892754167561452,0.8632469017936201,6.575839186833642,8.09606296998928,0,1,0.8823625522450621,54.136510536300555,1352.7302107260111,Primary method.
paste,PASTE,published_external,8,known_affine_plus_local_warp,synthetic_proxy,20260504,14.553458289905471,0.7803650620756969,0.7302605199364262,13.62788190825456,16.528650417122442,2,1,0.789973446759307,93.8216260428061,1683.13064650754,Full benchmark should use pairwise optimal-transport slice alignment.
paste2,PASTE2,published_external,8,known_affine_plus_local_warp,synthetic_proxy,20260504,11.662745945210094,0.7964063405437175,0.7453121180214518,11.385621621008411,13.588454053277323,1,1,0.8060147252273276,105.91394594369751,1843.5381621310928,Full benchmark should use partial/flexible stack alignment when available.
gpsa,GPSA,published_external,8,known_affine_plus_local_warp,synthetic_proxy,20260504,12.13556226524844,0.812952190854999,0.7634944309105538,11.1129685543737,14.143093502206687,1,0,0.8225605755386091,140.52718658707727,2206.627488523257,Full benchmark should include Gaussian-process spatial alignment.
staligner,STAligner,published_external,8,known_affine_plus_local_warp,synthetic_proxy,20260504,17.023934501625856,0.7724560674611208,0.722874276668206,15.519945418021546,19.025264196160624,2,1,0.802064452144731,180.11967250812927,2601.3828823161607,Full benchmark should capture graph/deep-model stochasticity.
spacel_scube,SPACEL/Scube,published_external,8,known_affine_plus_local_warp,synthetic_proxy,20260504,16.33373094825941,0.7838329405572699,0.7345953680383925,15.27810912354951,18.352271556496046,2,1,0.7934413252408801,161.48324865893073,2417.798983907169,Full benchmark should report the SPACEL Scube 3D-reconstruction module separately from clustering.
naive_stack,Naive slice stack,internal_baseline,9,known_affine_plus_local_warp,synthetic_smoke,20260504,43.35780807763323,0.5882386878492397,0.5301146943713847,39.13150673136103,45.433241859723964,3,2,0.6278713569689096,4.15086756418147,463.5780807763323,Null baseline for alignment and topology metrics.
histoseg_hard_only,HistoSeg hard contours,internal_ablation,9,known_affine_plus_local_warp,synthetic_smoke,20260504,16.006813427165014,0.7533453782916033,0.701498057424339,14.339011189304179,17.89608083978529,1,1,0.7429780474112732,34.006813427165014,1051.2776615529226,Ablation isolates the topology-aware contour stack before soft alignment.
histoseg_full,HistoSeg full,proposed_method,9,known_affine_plus_local_warp,synthetic_smoke,20260504,10.371571255199147,0.9071887464161994,0.8813022675800842,9.309642712665957,11.558880769376877,0,0,0.8968214155358692,59.05735688279872,1451.1471376559743,Primary method.
paste,PASTE,published_external,9,known_affine_plus_local_warp,synthetic_proxy,20260504,14.895612805204497,0.781740042194001,0.7319913873023361,13.913010671003747,16.889813516604747,1,1,0.7913727113136708,94.72453379151186,1696.05648375217,Full benchmark should use pairwise optimal-transport slice alignment.
paste2,PASTE2,published_external,9,known_affine_plus_local_warp,synthetic_proxy,20260504,12.17669633999166,0.7985448579041662,0.7479974069400427,11.813913616659715,14.130957247768974,1,1,0.808177527023836,107.48434992775229,1865.238289910759,Full benchmark should use partial/flexible stack alignment when available.
gpsa,GPSA,published_external,9,known_affine_plus_local_warp,synthetic_proxy,20260504,11.361450502233577,0.8093659875141302,0.7590238189524977,10.467875418527981,13.325975530135443,1,0,0.8189986566338,137.51675195313058,2168.7820245536413,Full benchmark should include Gaussian-process spatial alignment.
staligner,STAligner,published_external,9,known_affine_plus_local_warp,synthetic_proxy,20260504,18.200101210010143,0.7775377684375816,0.729238545106812,16.50008434167512,20.26677349945515,2,1,0.8071704375572515,186.00050605005072,2669.339181022808,Full benchmark should capture graph/deep-model stochasticity.
spacel_scube,SPACEL/Scube,published_external,9,known_affine_plus_local_warp,synthetic_proxy,20260504,13.751509682438776,0.7722106949817089,0.720079703286971,13.12625806869898,15.626593553685375,1,1,0.7818433641013788,150.0067096997279,2280.0805163967348,Full benchmark should report the SPACEL Scube 3D-reconstruction module separately from clustering.
naive_stack,Naive slice stack,internal_baseline,10,known_affine_plus_local_warp,synthetic_smoke,20260504,44.06922137203202,0.5926487346937636,0.5355232354286619,39.72435114336001,46.18417811492268,3,2,0.6320733688166785,4.229913485781335,470.6922137203201,Null baseline for alignment and topology metrics.
histoseg_hard_only,HistoSeg hard contours,internal_ablation,10,known_affine_plus_local_warp,synthetic_smoke,20260504,21.67796249902099,0.779798695258159,0.7344606861341562,19.064968749184157,23.8822937489666,1,1,0.769223329381074,39.677962499020985,1189.9057499760686,Ablation isolates the topology-aware contour stack before soft alignment.
histoseg_full,HistoSeg full,proposed_method,10,known_affine_plus_local_warp,synthetic_smoke,20260504,7.0887868439809925,0.8938468034579813,0.8645208213839339,6.573989036650827,8.09371944642438,0,0,0.8832714375808962,54.13318026597149,1352.6636053194297,Primary method.
paste,PASTE,published_external,10,known_affine_plus_local_warp,synthetic_proxy,20260504,14.659619293650598,0.7819393921231795,0.7321365572154318,13.716349411375498,16.640709254408964,2,1,0.7913640262460945,94.10177313602242,1687.1411733156892,Full benchmark should use pairwise optimal-transport slice alignment.
paste2,PASTE2,published_external,10,known_affine_plus_local_warp,synthetic_proxy,20260504,13.02711169294342,0.8035726916755921,0.7541781816559474,12.522593077452848,15.028617898106942,1,1,0.812997325798507,110.08284128399377,1901.1447159242778,Full benchmark should use partial/flexible stack alignment when available.
gpsa,GPSA,published_external,10,known_affine_plus_local_warp,synthetic_proxy,20260504,11.570756361080413,0.811544445756201,0.7616428742567085,10.642296967567011,13.546909492251547,1,0,0.8209690798791158,138.3307191819794,2179.014755430598,Full benchmark should include Gaussian-process spatial alignment.
staligner,STAligner,published_external,10,known_affine_plus_local_warp,synthetic_proxy,20260504,15.68419484164593,0.7676041723364921,0.7167175324820725,14.40349570137161,17.611094555070704,2,1,0.7970288064594071,173.42097420822967,2523.975701961765,Full benchmark should capture graph/deep-model stochasticity.
spacel_scube,SPACEL/Scube,published_external,10,known_affine_plus_local_warp,synthetic_proxy,20260504,13.552223053237656,0.7725731866102331,0.7204288003242487,12.960185877698047,15.416235445084192,2,1,0.781997820733148,149.1209913477229,2269.451896172675,Full benchmark should report the SPACEL Scube 3D-reconstruction module separately from clustering.
naive_stack,Naive slice stack,internal_baseline,11,known_affine_plus_local_warp,synthetic_smoke,20260504,41.51233310753388,0.5895268657807221,0.5309340593765958,37.5936109229449,43.48524050239687,3,2,0.6275778200821084,3.9458147897259863,445.1233310753388,Null baseline for alignment and topology metrics.
histoseg_hard_only,HistoSeg hard contours,internal_ablation,11,known_affine_plus_local_warp,synthetic_smoke,20260504,21.017052172441055,0.7851033949580873,0.7404047208483022,18.51421014370088,23.18466618202111,0,1,0.7731543492594736,39.017052172441055,1173.7501642152258,Ablation isolates the topology-aware contour stack before soft alignment.
histoseg_full,HistoSeg full,proposed_method,11,known_affine_plus_local_warp,synthetic_smoke,20260504,5.11869314533912,0.8933329103931898,0.8631916151421805,4.9322442877826,6.01417609785796,0,0,0.8813838646945761,51.17803971800868,1293.5607943601735,Primary method.
paste,PASTE,published_external,11,known_affine_plus_local_warp,synthetic_proxy,20260504,13.851929602770475,0.7865917390928848,0.737265151016799,13.043274668975396,15.788147914035502,2,1,0.7946426933942711,91.97036978508875,1656.628451660218,Full benchmark should use pairwise optimal-transport slice alignment.
paste2,PASTE2,published_external,11,known_affine_plus_local_warp,synthetic_proxy,20260504,12.716168388439018,0.8104328003625227,0.7620664776038465,12.263473657032515,14.700399965574519,1,1,0.818483754663909,109.13273674245255,1888.0159986229808,Full benchmark should use partial/flexible stack alignment when available.
gpsa,GPSA,published_external,11,known_affine_plus_local_warp,synthetic_proxy,20260504,12.993995338016605,0.8261120312495344,0.7791655162126109,11.828329448347171,15.04921730123975,1,0,0.8341629855509205,143.86553742562012,2248.5953276363675,Full benchmark should include Gaussian-process spatial alignment.
staligner,STAligner,published_external,11,known_affine_plus_local_warp,synthetic_proxy,20260504,16.304734760223933,0.7786042064593446,0.7297807352248739,14.92061230018661,18.266108913569706,2,1,0.8066551607607308,176.52367380111966,2559.8291194796047,Full benchmark should capture graph/deep-model stochasticity.
spacel_scube,SPACEL/Scube,published_external,11,known_affine_plus_local_warp,synthetic_proxy,20260504,13.66034649792605,0.7812958141824652,0.7306452448787745,13.050288748271708,15.53036574781083,3,1,0.7893467684838514,149.60153999078244,2275.2184798893895,Full benchmark should report the SPACEL Scube 3D-reconstruction module separately from clustering.
naive_stack,Naive slice stack,internal_baseline,12,known_affine_plus_local_warp,synthetic_smoke,20260504,41.948455926244336,0.5833203319863669,0.5238546302530741,37.957046605203615,43.94559236659124,3,2,0.6227287625265979,3.994272880693815,449.4845592624433,Null baseline for alignment and topology metrics.
histoseg_hard_only,HistoSeg hard contours,internal_ablation,12,known_affine_plus_local_warp,synthetic_smoke,20260504,19.28491249750894,0.7692601389697652,0.7212793889823218,17.070760414590783,21.356296525148327,1,1,0.7586685695099962,37.28491249750894,1131.4089721613298,Ablation isolates the topology-aware contour stack before soft alignment.
histoseg_full,HistoSeg full,proposed_method,12,known_affine_plus_local_warp,synthetic_smoke,20260504,8.666019333668034,0.9009539471304723,0.8733966491832057,7.888349444723362,9.758575963316257,0,0,0.8903623776707033,56.49902900050205,1399.980580010041,Primary method.
paste,PASTE,published_external,12,known_affine_plus_local_warp,synthetic_proxy,20260504,15.235901811084974,0.7845978692523253,0.735451551835522,14.196584842570811,17.249007467256362,2,1,0.7940062997925563,95.6225186681409,1708.9118461965434,Full benchmark should use pairwise optimal-transport slice alignment.
paste2,PASTE2,published_external,12,known_affine_plus_local_warp,synthetic_proxy,20260504,11.869608616073057,0.7985254550522723,0.7478610340854559,11.558007180060882,13.806809094743784,0,1,0.8079338855925033,106.5460263268899,1852.2723637897514,Full benchmark should use partial/flexible stack alignment when available.
gpsa,GPSA,published_external,12,known_affine_plus_local_warp,synthetic_proxy,20260504,13.632625939587555,0.8208055320456702,0.7732111303272031,12.360521616322963,15.723327380675752,1,0,0.8302139625859011,146.34910087617382,2279.817268157614,Full benchmark should include Gaussian-process spatial alignment.
staligner,STAligner,published_external,12,known_affine_plus_local_warp,synthetic_proxy,20260504,16.11049033877833,0.769596040486518,0.7191992658782629,14.75874194898194,18.061073135377125,2,0,0.799004471026749,175.55245169389164,2548.606108462748,Full benchmark should capture graph/deep-model stochasticity.
spacel_scube,SPACEL/Scube,published_external,12,known_affine_plus_local_warp,synthetic_proxy,20260504,17.671648949252837,0.7909789676441825,0.7434279248253435,16.39304079104403,19.76451833532244,2,1,0.8003873981844135,167.42955088556818,2489.154610626818,Full benchmark should report the SPACEL Scube 3D-reconstruction module separately from clustering.
naive_stack,Naive slice stack,internal_baseline,13,known_affine_plus_local_warp,synthetic_smoke,20260504,42.02198302804443,0.5527771623326709,0.48824816458368814,38.018319190037026,44.02320430738024,3,2,0.5973305856683698,4.0024425586716035,450.21983028044434,Null baseline for alignment and topology metrics.
histoseg_hard_only,HistoSeg hard contours,internal_ablation,13,known_affine_plus_local_warp,synthetic_smoke,20260504,19.810187119673063,0.7407247360732427,0.6881826317594028,17.50848926639422,21.910753070766013,1,1,0.7352781594089416,37.81018711967307,1144.2490184808971,Ablation isolates the topology-aware contour stack before soft alignment.
histoseg_full,HistoSeg full,proposed_method,13,known_affine_plus_local_warp,synthetic_smoke,20260504,7.5742038123358,0.8652314769295215,0.8313160578297513,6.9785031769465,8.606104024132234,0,0,0.8597849002652204,54.8613057185037,1367.226114370074,Primary method.
paste,PASTE,published_external,13,known_affine_plus_local_warp,synthetic_proxy,20260504,12.825533087200048,0.7430151625955849,0.6860456649123304,12.187944239333373,14.704729369822273,2,1,0.7575685859312837,89.26182342455569,1617.853472183113,Full benchmark should use pairwise optimal-transport slice alignment.
paste2,PASTE2,published_external,13,known_affine_plus_local_warp,synthetic_proxy,20260504,13.272158300245232,0.7738890524313412,0.719638027207026,12.726798583537693,15.287278205814411,0,0,0.7884424757670401,110.83159480630488,1911.4911282325763,Full benchmark should use partial/flexible stack alignment when available.
gpsa,GPSA,published_external,13,known_affine_plus_local_warp,synthetic_proxy,20260504,13.987592329486388,0.7915132036724131,0.7391682162583657,12.656326941238657,16.098014125568966,1,0,0.8060666270081118,147.7295257257804,2297.171180552668,Full benchmark should include Gaussian-process spatial alignment.
staligner,STAligner,published_external,13,known_affine_plus_local_warp,synthetic_proxy,20260504,21.250127473917484,0.7615689154254401,0.7117378559496496,19.041772894931235,23.4862456669129,2,1,0.796122338761139,201.25063736958742,2845.5629207152324,Full benchmark should capture graph/deep-model stochasticity.
spacel_scube,SPACEL/Scube,published_external,13,known_affine_plus_local_warp,synthetic_proxy,20260504,13.702713974460814,0.7424692998722994,0.6853633365082236,13.085594978717344,15.57508697304197,2,1,0.7570227232079982,149.7898398864925,2277.47807863791,Full benchmark should report the SPACEL Scube 3D-reconstruction module separately from clustering.
naive_stack,Naive slice stack,internal_baseline,14,known_affine_plus_local_warp,synthetic_smoke,20260504,40.863869144127186,0.5829450582724751,0.5230151121120088,37.053224286772654,42.80075076324536,3,3,0.621612636815305,3.8737632382363536,438.6386914412718,Null baseline for alignment and topology metrics.
histoseg_hard_only,HistoSeg hard contours,internal_ablation,14,known_affine_plus_local_warp,synthetic_smoke,20260504,17.661845339411755,0.7664916191404065,0.717448313196923,15.718204449509797,19.643058969379076,1,2,0.7551591976832364,35.661845339411755,1091.7339971856206,Ablation isolates the topology-aware contour stack before soft alignment.
histoseg_full,HistoSeg full,proposed_method,14,known_affine_plus_local_warp,synthetic_smoke,20260504,9.310269830581634,0.9082623946567171,0.8821617825923113,8.425224858818027,10.438618154502835,0,0,0.8969299731995469,57.46540474587245,1419.308094917449,Primary method.
paste,PASTE,published_external,14,known_affine_plus_local_warp,synthetic_proxy,20260504,15.320875014490612,0.7894206399185348,0.7411095891695835,14.267395845408844,17.338701404184537,1,1,0.7980882184613647,95.84675351046134,1712.1219449918676,Full benchmark should use pairwise optimal-transport slice alignment.
paste2,PASTE2,published_external,14,known_affine_plus_local_warp,synthetic_proxy,20260504,15.736634195017128,0.8201573473875416,0.7745304735058418,14.780528495847607,17.888669428073637,1,1,0.8288249259303715,118.36193781810789,2015.5467771229455,Full benchmark should use partial/flexible stack alignment when available.
gpsa,GPSA,published_external,14,known_affine_plus_local_warp,synthetic_proxy,20260504,10.018543159325041,0.8091880538955768,0.7583188566408858,9.3487859661042,11.908462223731988,1,0,0.8178556324384065,132.29433450848626,2103.128776678113,Full benchmark should include Gaussian-process spatial alignment.
staligner,STAligner,published_external,14,known_affine_plus_local_warp,synthetic_proxy,20260504,17.35267683079849,0.7795619813243476,0.7312862659268494,15.793897358998741,19.372269988065074,2,1,0.8082295598671775,181.76338415399246,2620.376883557246,Full benchmark should capture graph/deep-model stochasticity.
spacel_scube,SPACEL/Scube,published_external,14,known_affine_plus_local_warp,synthetic_proxy,20260504,16.61277737286002,0.79071798373351,0.7427312689383023,15.510647810716684,18.64682056024113,2,1,0.7993855622763398,162.723454990489,2432.6814598858678,Full benchmark should report the SPACEL Scube 3D-reconstruction module separately from clustering.
naive_stack,Naive slice stack,internal_baseline,15,known_affine_plus_local_warp,synthetic_smoke,20260504,43.08478987471824,0.5957257322396167,0.5387484616405596,38.903991562265205,45.14505597886925,3,2,0.633908324921694,4.120532208302027,460.8478987471824,Null baseline for alignment and topology metrics.
histoseg_hard_only,HistoSeg hard contours,internal_ablation,15,known_affine_plus_local_warp,synthetic_smoke,20260504,20.92982397427135,0.7839258837931861,0.7389986510825213,18.44151997855946,23.09259197284198,0,1,0.7721084764752634,38.92982397427135,1171.6179193710775,Ablation isolates the topology-aware contour stack before soft alignment.
histoseg_full,HistoSeg full,proposed_method,15,known_affine_plus_local_warp,synthetic_smoke,20260504,2.415946873997239,0.8805308744586345,0.8472548894143318,2.679955728331033,3.1612772558859756,0,0,0.8687134671407118,47.12392031099586,1212.4784062199171,Primary method.
paste,PASTE,published_external,15,known_affine_plus_local_warp,synthetic_proxy,20260504,14.775749705326323,0.7899077759312082,0.7414760162550489,13.813124754438602,16.76329135562223,2,1,0.7980903686132855,94.40822838905558,1691.5283222012167,Full benchmark should use pairwise optimal-transport slice alignment.
paste2,PASTE2,published_external,15,known_affine_plus_local_warp,synthetic_proxy,20260504,15.26643908835269,0.8209775065224365,0.7753131794940843,14.38869924029391,17.392352371038953,0,1,0.8291600992045138,116.92523054774433,1995.6940948415581,Full benchmark should use partial/flexible stack alignment when available.
gpsa,GPSA,published_external,15,known_affine_plus_local_warp,synthetic_proxy,20260504,7.681229082536792,0.8017099064965881,0.7487286794617737,7.401024235447326,9.441297364899947,1,0,0.8098924991786653,123.20477976542085,1988.8600884795765,Full benchmark should include Gaussian-process spatial alignment.
staligner,STAligner,published_external,15,known_affine_plus_local_warp,synthetic_proxy,20260504,18.16920503197613,0.7861009107163185,0.7392174347364366,16.474337526646774,20.234160867085915,2,1,0.8142835033983958,185.84602515988064,2667.5540685141764,Full benchmark should capture graph/deep-model stochasticity.
spacel_scube,SPACEL/Scube,published_external,15,known_affine_plus_local_warp,synthetic_proxy,20260504,18.0716499557726,0.8001117770443028,0.7542310176464171,16.726374963143833,20.186741619982186,2,1,0.8082943697263801,169.20733313676712,2510.4879976412053,Full benchmark should report the SPACEL Scube 3D-reconstruction module separately from clustering.
