gene	histoseg_dominant_structure	top05_fraction_inside	signed_distance_um	nonzero_cell_count	marker_class	cell_tissue_interpretation	external_evidence_note	uniprot_accession	uniprot_url	hpa_url	pubmed_query_url
GREM1	Structure 5	0.862069	-35.00	155684	BMP antagonist / stromal niche cytokine	Structure 5 embedded stromal-immune niche; strongest GREM1 habitat in this panel.	UniProt describes GREM1 as a BMP antagonist cytokine with roles in carcinogenesis and organ patterning.	O60565	https://www.uniprot.org/uniprotkb/O60565/entry	https://www.proteinatlas.org/search/GREM1	https://pubmed.ncbi.nlm.nih.gov/?term=GREM1+colon+polyp
COL1A1	Structure 5	0.767387	-25.00	546317	ECM collagen / fibroblast matrix	Structure 5 ECM-rich stromal component of the mixed niche.	UniProt annotates COL1A1 as a type I fibrillar collagen chain, consistent with extracellular matrix-rich stroma.	P02452	https://www.uniprot.org/uniprotkb/P02452/entry	https://www.proteinatlas.org/search/COL1A1	https://pubmed.ncbi.nlm.nih.gov/?term=COL1A1+colon+polyp
COL1A2	Structure 5	0.756867	-25.00	567735	ECM collagen / fibroblast matrix	Structure 5 ECM-rich stromal component of the mixed niche.	UniProt annotates COL1A2 as the second type I fibrillar collagen chain, supporting ECM/fibroblast interpretation.	P08123	https://www.uniprot.org/uniprotkb/P08123/entry	https://www.proteinatlas.org/search/COL1A2	https://pubmed.ncbi.nlm.nih.gov/?term=COL1A2+colon+polyp
ACTA2	Structure 5	0.773232	-25.00	647533	myofibroblast or smooth-muscle contractility	Structure 5 contractile stromal/myofibroblast component.	UniProt describes smooth-muscle actin as a conserved actin involved in cell motility and contractile behavior.	P62736	https://www.uniprot.org/uniprotkb/P62736/entry	https://www.proteinatlas.org/search/ACTA2	https://pubmed.ncbi.nlm.nih.gov/?term=ACTA2+colon+polyp
PDGFRA	Structure 2	0.223846	45.00	170599	mesenchymal receptor / stromal-perivascular	Structure 2 mesenchymal-perivascular signal with weaker Structure 5 spillover.	UniProt describes PDGFRA as a receptor for PDGFA/B/C regulating proliferation, survival, chemotaxis, and mesenchymal differentiation.	P16234	https://www.uniprot.org/uniprotkb/P16234/entry	https://www.proteinatlas.org/search/PDGFRA	https://pubmed.ncbi.nlm.nih.gov/?term=PDGFRA+colon+polyp
TAGLN	Structure 5	0.792519	-25.00	285966	contractile stromal marker	Structure 5 contractile stromal signal, aligned with ACTA2/RGS5.	UniProt describes TAGLN as an actin cross-linking/gelling protein tied to calcium interactions and contractile properties.	Q01995	https://www.uniprot.org/uniprotkb/Q01995/entry	https://www.proteinatlas.org/search/TAGLN	https://pubmed.ncbi.nlm.nih.gov/?term=TAGLN+colon+polyp
FAP	Structure 5	0.793103	-35.00	20053	activated fibroblast / matrix remodeling protease	Structure 5 activated fibroblast and matrix-remodeling component.	UniProt describes FAP as a cell-surface serine protease involved in ECM degradation, remodeling, fibrosis, inflammation, and tumor growth.	Q12884	https://www.uniprot.org/uniprotkb/Q12884/entry	https://www.proteinatlas.org/search/FAP	https://pubmed.ncbi.nlm.nih.gov/?term=FAP+colon+polyp
EPCAM	Structure 4	0.414962	10.00	1679156	epithelial adhesion marker	Structure 4 epithelial compartment; supports epithelial identity with LGR5.	UniProt describes EPCAM as an epithelial adhesion molecule important at the mucosal epithelium and intestinal barrier.	P16422	https://www.uniprot.org/uniprotkb/P16422/entry	https://www.proteinatlas.org/search/EPCAM	https://pubmed.ncbi.nlm.nih.gov/?term=EPCAM+colon+polyp
MUC2	Structure 3	0.602572	-10.00	285352	goblet-cell mucin / secretory epithelium	Structure 3 secretory epithelial/goblet-cell compartment.	UniProt describes MUC2 as a major intestinal mucin forming a protective colon mucus barrier.	Q02817	https://www.uniprot.org/uniprotkb/Q02817/entry	https://www.proteinatlas.org/search/MUC2	https://pubmed.ncbi.nlm.nih.gov/?term=MUC2+colon+polyp
OLFM4	Structure 5	0.581531	-5.00	313028	intestinal epithelial differentiation / adhesion signal	Near-tied Structure 5/Structure 3 signal; interpreted as epithelial differentiation at a niche boundary.	UniProt links OLFM4 to adhesion, proliferation/differentiation programs, and myeloid-lineage expression contexts.	Q6UX06	https://www.uniprot.org/uniprotkb/Q6UX06/entry	https://www.proteinatlas.org/search/OLFM4	https://pubmed.ncbi.nlm.nih.gov/?term=OLFM4+colon+polyp
LGR5	Structure 4	0.579193	-5.00	318509	intestinal epithelial stem-like marker	Structure 4 epithelial stem-like compartment.	UniProt describes LGR5 as an R-spondin receptor that potentiates Wnt signaling and marks intestinal epithelial stem cells.	O75473	https://www.uniprot.org/uniprotkb/O75473/entry	https://www.proteinatlas.org/search/LGR5	https://pubmed.ncbi.nlm.nih.gov/?term=LGR5+colon+polyp
MKI67	Structure 3	0.330801	50.00	129298	proliferation marker	Structure 3 proliferative epithelial compartment.	UniProt describes Ki-67 as a mitotic chromosome-associated protein, supporting proliferation interpretation.	P46013	https://www.uniprot.org/uniprotkb/P46013/entry	https://www.proteinatlas.org/search/MKI67	https://pubmed.ncbi.nlm.nih.gov/?term=MKI67+colon+polyp
PTPRC	Structure 5	0.872005	-35.00	206868	pan-leukocyte marker	Structure 5 leukocyte embedding confirms immune content in the stromal niche.	UniProt describes PTPRC/CD45 as a phosphatase required for T-cell activation and leukocyte signaling.	P08575	https://www.uniprot.org/uniprotkb/P08575/entry	https://www.proteinatlas.org/search/PTPRC	https://pubmed.ncbi.nlm.nih.gov/?term=PTPRC+colon+polyp
CD3D	Structure 5	0.873174	-35.00	87469	T-cell receptor complex marker	Structure 5 T-cell embedding within the stromal-immune niche.	UniProt places CD3D in the TCR-CD3 complex required for adaptive immune response.	P04234	https://www.uniprot.org/uniprotkb/P04234/entry	https://www.proteinatlas.org/search/CD3D	https://pubmed.ncbi.nlm.nih.gov/?term=CD3D+colon+polyp
CD3E	Structure 5	0.875511	-35.00	139262	T-cell receptor complex marker	Structure 5 T-cell embedding within the stromal-immune niche.	UniProt places CD3E in the TCR-CD3 complex required for adaptive immune response.	P07766	https://www.uniprot.org/uniprotkb/P07766/entry	https://www.proteinatlas.org/search/CD3E	https://pubmed.ncbi.nlm.nih.gov/?term=CD3E+colon+polyp
CD8A	Structure 5	0.732320	-20.00	65705	cytotoxic T-cell coreceptor	Structure 5 cytotoxic T-cell leaning signal with Structure 3 secondary fraction.	UniProt describes CD8A as an immune coreceptor for MHC class I peptide recognition in T cells.	P01732	https://www.uniprot.org/uniprotkb/P01732/entry	https://www.proteinatlas.org/search/CD8A	https://pubmed.ncbi.nlm.nih.gov/?term=CD8A+colon+polyp
CD4	Structure 5	0.736411	-30.00	117042	helper T-cell coreceptor	Structure 5 helper T-cell leaning signal.	UniProt describes CD4 as an immune coreceptor for MHC class II peptide recognition in T cells.	P01730	https://www.uniprot.org/uniprotkb/P01730/entry	https://www.proteinatlas.org/search/CD4	https://pubmed.ncbi.nlm.nih.gov/?term=CD4+colon+polyp
MS4A1	Structure 5	0.805377	-25.00	79187	B-cell marker	Structure 5 B-cell embedding within the stromal-immune niche.	UniProt describes MS4A1/CD20 as a B-lymphocyte membrane protein regulating calcium influx and B-cell activation/differentiation.	P11836	https://www.uniprot.org/uniprotkb/P11836/entry	https://www.proteinatlas.org/search/MS4A1	https://pubmed.ncbi.nlm.nih.gov/?term=MS4A1+colon+polyp
CD79A	Structure 5	0.790766	-25.00	83153	B-cell receptor complex marker	Structure 5 B-cell receptor signal within the stromal-immune niche.	UniProt describes CD79A as a B-cell antigen receptor component required for BCR signaling and B-cell differentiation.	P11912	https://www.uniprot.org/uniprotkb/P11912/entry	https://www.proteinatlas.org/search/CD79A	https://pubmed.ncbi.nlm.nih.gov/?term=CD79A+colon+polyp
LYZ	Structure 5	0.177674	80.62	614866	myeloid / monocyte-macrophage antimicrobial enzyme	Low-fraction myeloid signal shared between Structures 5 and 2; supports myeloid/perivascular interpretation cautiously.	UniProt describes lysozyme C as bacteriolytic and associated with the monocyte-macrophage system in tissues and fluids.	P61626	https://www.uniprot.org/uniprotkb/P61626/entry	https://www.proteinatlas.org/search/LYZ	https://pubmed.ncbi.nlm.nih.gov/?term=LYZ+colon+polyp
CD68	Structure 2	0.156634	80.00	271021	macrophage / phagolysosomal marker	Structure 2 macrophage-associated compartment with Structure 1 as secondary myeloid fraction.	UniProt describes CD68 as a macrophage-enriched molecule tied to phagocytic and lysosomal activity.	P34810	https://www.uniprot.org/uniprotkb/P34810/entry	https://www.proteinatlas.org/search/CD68	https://pubmed.ncbi.nlm.nih.gov/?term=CD68+colon+polyp
C1QA	Structure 2	0.270018	30.00	67042	classical-complement macrophage-lineage marker	Structure 2 complement-rich macrophage-associated compartment.	UniProt describes C1QA as part of the C1 complex that initiates the classical complement pathway.	P02745	https://www.uniprot.org/uniprotkb/P02745/entry	https://www.proteinatlas.org/search/C1QA	https://pubmed.ncbi.nlm.nih.gov/?term=C1QA+colon+polyp
PECAM1	Structure 5	0.538282	-5.00	201873	endothelial adhesion / transmigration marker	Weak Structure 5-dominant endothelial/vascular adjacency signal; treat as support, not a defining marker.	UniProt describes PECAM1 as an endothelial adhesion molecule required for leukocyte transendothelial migration.	P16284	https://www.uniprot.org/uniprotkb/P16284/entry	https://www.proteinatlas.org/search/PECAM1	https://pubmed.ncbi.nlm.nih.gov/?term=PECAM1+colon+polyp
RGS5	Structure 5	0.751607	-20.00	326806	pericyte-like vascular contractile marker	Structure 5 pericyte-like contractile vascular support signal.	UniProt describes RGS5 as a regulator of G-protein signaling; its vascular/pericyte read here is an interpretation from marker usage.	O15539	https://www.uniprot.org/uniprotkb/O15539/entry	https://www.proteinatlas.org/search/RGS5	https://pubmed.ncbi.nlm.nih.gov/?term=RGS5+colon+polyp
